Post ID,Survey,Post Status,Created (UTC),Updated (UTC),Post Date (UTC),Council,Location.lat,Location.lon,Street,Photo,Photo 2,Notes
,,,,,,,,,,,,
1,Parklets,published,14/11/2020 22:52,14/11/2020 22:53,14/11/2020 22:50,Port Phillip City Council,-37.870301,144.980977,Blessington Street,https://74ddb495e3f187ded630-0b4c691ea14dad11384ab079da46af4f.ssl.cf2.rackcdn.com/melbourneparklets.api.ushahidi.io/5/f/5fb05faa671e8-embf3tqvcaitvuk.jpg,,
2,Parklets,published,14/11/2020 22:54,14/11/2020 22:54,14/11/2020 22:53,Darebin City Council,-37.778995,145.024201,Wingrove Street,,,
3,Parklets,published,14/11/2020 22:56,14/11/2020 22:56,14/11/2020 22:55,Wyndham City Council,-37.90307,144.658388,Watton Street,,,
4,Parklets,published,14/11/2020 23:36,14/11/2020 23:37,14/11/2020 23:35,Hobson's Bay,-37.868965,144.830385,Pier Street,,,
5,Parklets,published,14/11/2020 23:36,14/11/2020 23:37,14/11/2020 23:35,Yarra,-37.796631,144.989764,Hotham Street,,,
6,Parklets,published,14/11/2020 23:37,14/11/2020 23:39,14/11/2020 23:36,Port Phillip,-37.880849,144.991411,Tennyson St,,,
7,Parklets,published,14/11/2020 23:39,14/11/2020 23:40,14/11/2020 23:38,Melbourne City Council,-37.793697,144.93016,Bellair St,,,
8,Parklets,published,14/11/2020 23:40,14/11/2020 23:40,14/11/2020 23:39,Darebin City Council,-37.770342,144.99802,Little Eastment Street,,,
9,Parklets,published,14/11/2020 23:41,14/11/2020 23:41,14/11/2020 23:40,Melbourne City Council,-37.812572,144.972847,Little Collins Street,,,
10,Parklets,published,14/11/2020 23:49,,14/11/2020 23:48,Melbourne City Council,-37.802664,144.949622,Errol Street,,,https://twitter.com/biketram/status/1323114778194145282
11,Parklets,published,14/11/2020 23:50,,14/11/2020 23:49,Melbourne City Council,-37.805435,144.951414,Victoria Street,,,https://twitter.com/biketram/status/1324960631863193601
12,Parklets,published,15/11/2020 0:05,,15/11/2020 0:03,Maribyrnong,-37.815988,144.890659,Ballarat st,,,
13,Parklets,published,15/11/2020 0:08,,15/11/2020 0:07,Yarra,-37.803935,144.983335,Smith,,,
14,Parklets,published,15/11/2020 0:09,,15/11/2020 0:07,Yarra,-37.796493,144.98981,"Hotham St, Collingwood",https://74ddb495e3f187ded630-0b4c691ea14dad11384ab079da46af4f.ssl.cf2.rackcdn.com/melbourneparklets.api.ushahidi.io/5/f/5fb071bfc9add-125206122_3852586728098392_4197794724597416875_o.jpg,,
15,Parklets,published,15/11/2020 0:10,,15/11/2020 0:05,Stonington,-37.848364,144.984589,Greville st,,https://74ddb495e3f187ded630-0b4c691ea14dad11384ab079da46af4f.ssl.cf2.rackcdn.com/melbourneparklets.api.ushahidi.io/5/f/5fb072088a9a2-45d823ba-da1e-4195-b3fb-e7732860c56e.jpeg,Between Macquarie and Izette sts
16,Parklets,published,15/11/2020 0:12,,15/11/2020 0:10,Yarra,-37.799781,144.995081,"Lulie St, Abbotsford",https://74ddb495e3f187ded630-0b4c691ea14dad11384ab079da46af4f.ssl.cf2.rackcdn.com/melbourneparklets.api.ushahidi.io/5/f/5fb07251253bc-125278762_3852587044765027_6987058766182369607_o.jpg,,Small Talk bar
17,Parklets,published,15/11/2020 0:13,,15/11/2020 0:11,Stonnington,-37.850156,145.01359,Beatty ave,,,
18,Parklets,published,15/11/2020 0:14,,15/11/2020 0:12,Yarra,-37.816462,145.013278,"River St, Richmond",https://74ddb495e3f187ded630-0b4c691ea14dad11384ab079da46af4f.ssl.cf2.rackcdn.com/melbourneparklets.api.ushahidi.io/5/f/5fb072c5eceff-125185007_3852586821431716_5727311942359327864_o.jpg,,Royston Hotel
19,Parklets,published,15/11/2020 0:18,,15/11/2020 0:12,Melbourne,-37.809093,144.969441,Little Lonsdale St,https://74ddb495e3f187ded630-0b4c691ea14dad11384ab079da46af4f.ssl.cf2.rackcdn.com/melbourneparklets.api.ushahidi.io/5/f/5fb073c234fa8-img_5675.jpg,,Outside Coopers Inn
20,Parklets,published,15/11/2020 0:22,,15/11/2020 0:18,Yarra,-37.799798,144.995012,Lulie St,https://74ddb495e3f187ded630-0b4c691ea14dad11384ab079da46af4f.ssl.cf2.rackcdn.com/melbourneparklets.api.ushahidi.io/5/f/5fb074d626c6a-img_5684.jpg,,
21,Parklets,published,15/11/2020 0:23,,15/11/2020 0:23,Yarra,-37.79876,144.980668,Napier St,,,Outside Town Hall Hotel
23,Parklets,published,15/11/2020 1:18,15/11/2020 9:38,15/11/2020 1:17,Melbourne,-37.820362,144.954802,Spencer Street,,,
24,Parklets,published,15/11/2020 1:22,,15/11/2020 1:20,Melbourne,-37.804387,144.949192,Errol Street,,,
25,Parklets,published,15/11/2020 1:22,,15/11/2020 1:22,Melbourne,-37.80277,144.949575,Errol,,,It doesn't like Android phones in trying to find photos
26,Parklets,published,15/11/2020 1:23,,15/11/2020 1:22,Melbourne,-37.802636,144.949603,Errol,,,
27,Parklets,published,15/11/2020 1:28,,15/11/2020 1:25,Mornington,-38.219892,145.038891,Main Street,,,Mornington Peninsula shire council has closed main Street in part to create a parklet zone.
28,Parklets,published,15/11/2020 2:33,,15/11/2020 2:32,Hobsons Bay,-37.86792,144.830432,Pier St,,,
29,Parklets,published,15/11/2020 2:54,,15/11/2020 2:51,Yarra,-37.829921,144.996698,"Balmain St, Cremorne",https://74ddb495e3f187ded630-0b4c691ea14dad11384ab079da46af4f.ssl.cf2.rackcdn.com/melbourneparklets.api.ushahidi.io/5/f/5fb0985187a10-14d19d58-a4c7-481e-8c13-a6ac5f46ad94.jpeg,,
30,Parklets,published,15/11/2020 2:57,,15/11/2020 2:55,Yarra,-37.830412,144.995456,"Walnut St, Cremorne",https://74ddb495e3f187ded630-0b4c691ea14dad11384ab079da46af4f.ssl.cf2.rackcdn.com/melbourneparklets.api.ushahidi.io/5/f/5fb098ff573ff-f266a411-4309-46c9-9425-6a97948e5bbe.jpeg,,
31,Parklets,published,15/11/2020 3:10,,15/11/2020 3:08,Yarra,-37.796493,144.98981,"Hotham St, Collingwood",https://74ddb495e3f187ded630-0b4c691ea14dad11384ab079da46af4f.ssl.cf2.rackcdn.com/melbourneparklets.api.ushahidi.io/5/f/5fb09c2458e51-7fa5f9f1-feb3-4dc1-9d95-c03ec0c5cabf.jpeg,,
32,Parklets,published,15/11/2020 3:17,,15/11/2020 3:15,Yarra,-37.816531,145.013396,"River St, Richmond",https://74ddb495e3f187ded630-0b4c691ea14dad11384ab079da46af4f.ssl.cf2.rackcdn.com/melbourneparklets.api.ushahidi.io/5/f/5fb09db11da23-30433dc9-bfae-4b42-b578-8034c110e9e7.jpeg,,
33,Parklets,published,15/11/2020 3:20,,15/11/2020 3:18,Yarra,-37.799722,144.995007,"Lulie St, Abbotsford",https://74ddb495e3f187ded630-0b4c691ea14dad11384ab079da46af4f.ssl.cf2.rackcdn.com/melbourneparklets.api.ushahidi.io/5/f/5fb09e861b2f0-46a38be1-cd55-4908-b67e-9b3c5cb8fcf0.jpeg,https://74ddb495e3f187ded630-0b4c691ea14dad11384ab079da46af4f.ssl.cf2.rackcdn.com/melbourneparklets.api.ushahidi.io/5/f/5fb09e861b45f-68ccd525-40ef-460c-b33e-6ba1230fd780.jpeg,
34,Parklets,published,15/11/2020 3:25,,15/11/2020 3:23,Yarra,-37.819379,145.010058,"Whites Place, Richmond",https://74ddb495e3f187ded630-0b4c691ea14dad11384ab079da46af4f.ssl.cf2.rackcdn.com/melbourneparklets.api.ushahidi.io/5/f/5fb09f9357adc-98f7a869-fe0b-4f00-9473-15743cf9e829.jpeg,,
35,Parklets,published,15/11/2020 3:31,,15/11/2020 3:30,Brimbank,-37.785035,144.832003,Hampshire Road,,,
36,Parklets,published,15/11/2020 3:32,,15/11/2020 3:29,Yarra,-37.819379,145.004039,"Coppin St, Richmond",https://74ddb495e3f187ded630-0b4c691ea14dad11384ab079da46af4f.ssl.cf2.rackcdn.com/melbourneparklets.api.ushahidi.io/5/f/5fb0a14573981-549e4aaf-6fda-4be1-b594-116067e32b9b.jpeg,,
37,Parklets,published,15/11/2020 3:33,,15/11/2020 3:31,Brimbank,-37.783871,144.832154,Hampshire Road,,,Area subject to move around the street as construction work continues.
38,Parklets,published,15/11/2020 4:50,,15/11/2020 4:47,Port Phillip,-37.831323,144.960477,Yarra Pl,https://74ddb495e3f187ded630-0b4c691ea14dad11384ab079da46af4f.ssl.cf2.rackcdn.com/melbourneparklets.api.ushahidi.io/5/f/5fb0b3862b43e-img_5689.jpg,,St Ali
39,Parklets,published,15/11/2020 4:58,,15/11/2020 4:56,Moreland,-37.765815,144.972983,Hickford Street,,,alchemy brewing co
40,Parklets,published,15/11/2020 5:51,,15/11/2020 5:49,Wyndham,-37.876476,144.682086,Derrimut Road,,,Pacific Werribee Cinema Carpark
41,Parklets,published,15/11/2020 6:43,,15/11/2020 6:43,Melbourne,-37.803709,144.951419,Leveson Street,,,
42,Parklets,published,15/11/2020 6:46,,15/11/2020 6:46,Melbourne,-37.804452,144.950668,Leveson street,,,Extra big parklet
43,Parklets,published,15/11/2020 7:07,,15/11/2020 7:06,Yarra Ranges,-37.903355,145.329257,Morris Road,,,
44,Parklets,published,15/11/2020 9:07,,15/11/2020 9:05,City of Melbourne,-37.803922,144.966197,Lygon Street,https://74ddb495e3f187ded630-0b4c691ea14dad11384ab079da46af4f.ssl.cf2.rackcdn.com/melbourneparklets.api.ushahidi.io/5/f/5fb0efbe7d3e6-parklet%20lygon.jpeg,,
45,Parklets,published,15/11/2020 9:08,,15/11/2020 9:07,Yarra Council,-37.800056,144.984246,Smith St,,,
46,Parklets,published,15/11/2020 9:09,,15/11/2020 9:09,Yarra council,-37.800318,144.983694,Greeves St,,,
47,Parklets,published,15/11/2020 9:10,,15/11/2020 9:09,Yarra Council,-37.800176,144.984232,Smith St,,,
48,Parklets,published,15/11/2020 9:11,,15/11/2020 9:10,Yarra Council,-37.796772,144.987618,Wellington St,,,
49,Parklets,published,15/11/2020 9:11,,15/11/2020 9:08,City of Melbourne,-37.807783,144.954369,William Street,https://74ddb495e3f187ded630-0b4c691ea14dad11384ab079da46af4f.ssl.cf2.rackcdn.com/melbourneparklets.api.ushahidi.io/5/f/5fb0f0b0e4703-royal%20standard%201.jpeg,https://74ddb495e3f187ded630-0b4c691ea14dad11384ab079da46af4f.ssl.cf2.rackcdn.com/melbourneparklets.api.ushahidi.io/5/f/5fb0f0b19831e-royal%20standard%202.jpeg,
50,Parklets,published,15/11/2020 9:11,,15/11/2020 9:11,Yarra Council,-37.797553,144.991238,Keele St,,,
51,Parklets,published,15/11/2020 9:18,,15/11/2020 9:18,Moreland,-37.768962,144.962563,Albert Street,,,
52,Parklets,published,15/11/2020 9:19,,15/11/2020 9:19,Moreland,-37.766608,144.958753,Victoria Street,,,
53,Parklets,published,15/11/2020 9:20,,15/11/2020 9:19,Stonnington,-37.849431,144.992266,Greville St,,,
54,Parklets,published,15/11/2020 9:21,,15/11/2020 9:20,Moreland,-37.774103,144.97142,Piera Street,,,
55,Parklets,published,15/11/2020 9:22,,15/11/2020 9:21,Moreland,-37.774154,144.971598,Piera Street,,,Two parklets in Piera st
56,Parklets,published,15/11/2020 9:23,,15/11/2020 9:22,Moreland,-37.766947,144.96111,Victoria Street,,,
57,Parklets,published,15/11/2020 10:07,13/12/2020 23:30,15/11/2020 10:05,Hobsons Bay,-37.860713,144.902243,Nelson Pl,https://74ddb495e3f187ded630-0b4c691ea14dad11384ab079da46af4f.ssl.cf2.rackcdn.com/melbourneparklets.api.ushahidi.io/5/f/5fb0fdee830ed-pxl_20201107_004239059%201.jpg,,This photo was during construction. The fencing is better now.
58,Parklets,published,15/11/2020 10:16,15/11/2020 21:42,15/11/2020 10:15,Mornington Peninsula,-38.182599,145.09105,Mt Eliza way,,,
59,Parklets,published,15/11/2020 11:58,,15/11/2020 11:54,Glen Eira,-37.918616,145.040254,Centre Road,https://74ddb495e3f187ded630-0b4c691ea14dad11384ab079da46af4f.ssl.cf2.rackcdn.com/melbourneparklets.api.ushahidi.io/5/f/5fb117fa4e90b-img_20201114_084809180.jpg,,
60,Parklets,published,15/11/2020 12:03,,15/11/2020 11:59,Glen Eira,-37.918392,145.038221,"Centre Road, Bentleigh",https://74ddb495e3f187ded630-0b4c691ea14dad11384ab079da46af4f.ssl.cf2.rackcdn.com/melbourneparklets.api.ushahidi.io/5/f/5fb11902e6c95-img_20201111_125758061.jpg,,One on each side of street
61,Parklets,published,15/11/2020 12:09,,15/11/2020 12:07,Boroondara Council,-37.847799,145.076338,George Street,,,One carshare parking space converted into outdoor seating area for café
62,Parklets,published,15/11/2020 12:09,,15/11/2020 12:06,Maribyrnong,-37.801804,144.906839,Yewers Lane,https://74ddb495e3f187ded630-0b4c691ea14dad11384ab079da46af4f.ssl.cf2.rackcdn.com/melbourneparklets.api.ushahidi.io/5/f/5fb11a721eafa-img_20201114_191821_044.jpg,,
63,Parklets,published,15/11/2020 12:10,,15/11/2020 12:08,Monash,-37.899688,145.091742,Chester Street,,,
64,Parklets,published,15/11/2020 12:11,,15/11/2020 12:10,Monash,-37.899299,145.088421,Chester Street,,,In front of Cote Terra
65,Parklets,published,15/11/2020 12:15,,15/11/2020 12:14,Monash,-37.876035,145.128735,Hamilton place,,,
66,Parklets,published,15/11/2020 12:16,,15/11/2020 12:15,Monash,-37.876645,145.127673,Hamilton place,,,
67,Parklets,published,15/11/2020 12:20,,15/11/2020 12:17,Unknown Vic Gardens,-37.813471,145.012182,Christine Cres,,,
68,Parklets,published,15/11/2020 13:00,,15/11/2020 12:58,Bayside,-37.905466,145.001818,Bay Street,,,Additional seating for Brighton Hotel
69,Parklets,published,15/11/2020 21:00,,15/11/2020 20:58,Casey,-38.031017,145.347941,Wheeler street,,,Outside the Eighty One taphouse and bistro.
70,Parklets,published,15/11/2020 22:41,,15/11/2020 22:30,Hobsons Bay,-37.868913,144.830267,Pier Street,https://74ddb495e3f187ded630-0b4c691ea14dad11384ab079da46af4f.ssl.cf2.rackcdn.com/melbourneparklets.api.ushahidi.io/5/f/5fb1aea10ded7-edited_edited_img_20201114_134544.jpg,https://74ddb495e3f187ded630-0b4c691ea14dad11384ab079da46af4f.ssl.cf2.rackcdn.com/melbourneparklets.api.ushahidi.io/5/f/5fb1aea1155e7-edited_img_20201114_133015.jpg,"Pier Street, Altona, between Queen Street and Blyth Street, is closed off on weekends and turned into a parklet. This is the main cafe strip in Altona."
71,Parklets,published,15/11/2020 23:40,,15/11/2020 23:39,Hobsons Bay,-37.870746,144.838182,Millers Rd,,,
72,Parklets,published,16/11/2020 0:56,,16/11/2020 0:55,Moonee valley,-37.766775,144.921589,Puckle,,,
73,Parklets,published,16/11/2020 0:57,,16/11/2020 0:56,Moonee valley,-37.766684,144.9213,Puckle,,,
74,Parklets,published,16/11/2020 2:19,,16/11/2020 2:09,Glen Eira,-37.884097,144.99912,Glenhuntly Road,https://74ddb495e3f187ded630-0b4c691ea14dad11384ab079da46af4f.ssl.cf2.rackcdn.com/melbourneparklets.api.ushahidi.io/5/f/5fb1e1c23aa93-gh_parklet2.jpg,,
75,Parklets,published,16/11/2020 3:44,,16/11/2020 3:44,Bayside City Council,-37.950491,145.003845,Melrose Street,,,
76,Parklets,published,16/11/2020 3:45,,16/11/2020 3:44,Bayside City Council,-37.950791,145.003407,Melrose Street 2,,,
77,Parklets,published,16/11/2020 6:44,,16/11/2020 6:42,Boroondara,-37.818261,145.035725,Mary Street hawthorn,,,
78,Parklets,published,16/11/2020 8:31,,16/11/2020 8:18,Yarra,-37.825328,144.995649,"Clifton St, Richmond",https://74ddb495e3f187ded630-0b4c691ea14dad11384ab079da46af4f.ssl.cf2.rackcdn.com/melbourneparklets.api.ushahidi.io/5/f/5fb238cba6a27-4313b99b-0484-493d-b570-19fad59b7750.jpeg,https://74ddb495e3f187ded630-0b4c691ea14dad11384ab079da46af4f.ssl.cf2.rackcdn.com/melbourneparklets.api.ushahidi.io/5/f/5fb238caae6d4-9aa992b8-a591-4f98-b2f7-e262246dea56.jpeg,
79,Parklets,published,16/11/2020 8:35,,16/11/2020 8:31,Yarra,-37.82604,144.999458,"Brighton St, Richmond",https://74ddb495e3f187ded630-0b4c691ea14dad11384ab079da46af4f.ssl.cf2.rackcdn.com/melbourneparklets.api.ushahidi.io/5/f/5fb239cb203d1-2eb01c70-1105-4375-99bc-53f3930c75ba.jpeg,https://74ddb495e3f187ded630-0b4c691ea14dad11384ab079da46af4f.ssl.cf2.rackcdn.com/melbourneparklets.api.ushahidi.io/5/f/5fb239ca4344f-dceaeb52-93e7-4d58-8f73-f8467b1d01bf.jpeg,
80,Parklets,published,16/11/2020 8:37,,16/11/2020 8:35,Yarra,-37.827037,145.009473,"Stawell St, Richmond",https://74ddb495e3f187ded630-0b4c691ea14dad11384ab079da46af4f.ssl.cf2.rackcdn.com/melbourneparklets.api.ushahidi.io/5/f/5fb23a5d1f60c-d7a45045-5018-43c9-a266-961fd11f4c50.jpeg,,
81,Parklets,published,16/11/2020 9:30,,16/11/2020 9:29,Yarra,-37.801023,144.997666,Stafford St,,,
82,Parklets,published,16/11/2020 10:12,,16/11/2020 10:08,City of Greater Bendigo,-36.758261,144.281869,Bull Street,https://74ddb495e3f187ded630-0b4c691ea14dad11384ab079da46af4f.ssl.cf2.rackcdn.com/melbourneparklets.api.ushahidi.io/5/f/5fb2509f5e245-inbound9030428731854198969.jpg,,
83,Parklets,published,16/11/2020 10:15,,16/11/2020 10:14,Boroondara,-37.818255,145.03586,Mary Street,https://74ddb495e3f187ded630-0b4c691ea14dad11384ab079da46af4f.ssl.cf2.rackcdn.com/melbourneparklets.api.ushahidi.io/5/f/5fb251306c72b-inbound2382088224321812559.jpg,https://74ddb495e3f187ded630-0b4c691ea14dad11384ab079da46af4f.ssl.cf2.rackcdn.com/melbourneparklets.api.ushahidi.io/5/f/5fb25130f1821-inbound2029874707439977722.jpg,
84,Parklets,published,16/11/2020 10:16,,16/11/2020 10:15,City of Greater Bendigo,-36.758216,144.276966,View Street,https://74ddb495e3f187ded630-0b4c691ea14dad11384ab079da46af4f.ssl.cf2.rackcdn.com/melbourneparklets.api.ushahidi.io/5/f/5fb251854dd42-inbound3135517511799323779.jpg,https://74ddb495e3f187ded630-0b4c691ea14dad11384ab079da46af4f.ssl.cf2.rackcdn.com/melbourneparklets.api.ushahidi.io/5/f/5fb25184cde4e-inbound8706240453550917700.jpg,
85,Parklets,published,16/11/2020 22:21,,16/11/2020 22:20,City of Melbourne,-37.7989,144.968601,Faraday Street,,,DOC
86,Parklets,published,16/11/2020 22:22,,16/11/2020 22:21,City of Melbourne,-37.797781,144.96723,Lygon Street,,,Milk the Cow - Carlton
87,Parklets,published,16/11/2020 22:23,,16/11/2020 22:22,City of Melbourne,-37.797691,144.969109,Drummond Street,,,Taquito and Vincent the Dog (shared)
88,Parklets,published,16/11/2020 22:24,,16/11/2020 22:23,City of Melbourne,-37.799285,144.967078,Lygon Street,,,
89,Parklets,published,17/11/2020 1:52,,17/11/2020 1:08,Moonee Valley City Council,-37.732384,144.867043,"14 Centreway, Keilor East",,,
90,Parklets,published,17/11/2020 2:05,,17/11/2020 2:04,Manningham,-37.784601,145.126426,619 Doncaster Rd,,,Rooftop Parklets
91,Parklets,published,17/11/2020 3:07,,17/11/2020 3:05,Yarra,-37.819637,145.007236,Neptune Street,,,Bouzy Rouge parklet dining on Neptune Street.
92,Parklets,published,17/11/2020 3:39,,17/11/2020 3:22,Hobsons Bay,-37.870677,144.838149,Millers Rd Altona,https://74ddb495e3f187ded630-0b4c691ea14dad11384ab079da46af4f.ssl.cf2.rackcdn.com/melbourneparklets.api.ushahidi.io/5/f/5fb345fe26f78-inbound3042170477259263619.jpg,,
93,Parklets,published,17/11/2020 6:14,,17/11/2020 6:13,Wyndham,-37.883204,144.69983,Old Geelong Road,,,
94,Parklets,published,17/11/2020 9:38,,17/11/2020 9:37,Wyndham,-37.882492,144.700134,Old Geelong Road,,,
95,Parklets,published,17/11/2020 10:41,,17/11/2020 10:38,Yarra,-37.825548,144.991316,"Stephenson Street, Cremorne",https://74ddb495e3f187ded630-0b4c691ea14dad11384ab079da46af4f.ssl.cf2.rackcdn.com/melbourneparklets.api.ushahidi.io/5/f/5fb3a8e9a307f-b543d752-a872-44f5-81a6-e0074acf3cc7.jpeg,https://74ddb495e3f187ded630-0b4c691ea14dad11384ab079da46af4f.ssl.cf2.rackcdn.com/melbourneparklets.api.ushahidi.io/5/f/5fb3a8e95ecd0-b4684813-543e-4a84-92a2-1bed60eb8e9f.jpeg,
96,Parklets,published,17/11/2020 10:50,,17/11/2020 10:48,Yarra,-37.819548,145.004897,"Lord St, Richmond",https://74ddb495e3f187ded630-0b4c691ea14dad11384ab079da46af4f.ssl.cf2.rackcdn.com/melbourneparklets.api.ushahidi.io/5/f/5fb3aadc0ad88-2ef9ff9c-d54d-4f58-9923-758b245e04aa.jpeg,,
97,Parklets,published,17/11/2020 10:51,,17/11/2020 10:50,Yarra,-37.819853,145.007128,"Neptune St, Richmond",https://74ddb495e3f187ded630-0b4c691ea14dad11384ab079da46af4f.ssl.cf2.rackcdn.com/melbourneparklets.api.ushahidi.io/5/f/5fb3ab4048c8c-fd009ca4-8fe8-4b56-aca3-7fc1f2c49092.jpeg,,
98,Parklets,published,17/11/2020 22:37,17/11/2020 22:47,17/11/2020 22:18,Boroondara,-37.816268,145.036317,"Rococo Hawthorn - Corner of Glenferrie Road & Hawthorn Grove, Hawthorn 3122",https://74ddb495e3f187ded630-0b4c691ea14dad11384ab079da46af4f.ssl.cf2.rackcdn.com/melbourneparklets.api.ushahidi.io/5/f/5fb45313bdd1d-rococo%20hawthorn%20parklet.jpg,,Glenferrie Hawthorn will have over 20 parklets serving 29 businesses over the summer '20 '21 along with new massive beer gardens along Burwood Road.
99,Parklets,published,18/11/2020 2:05,,18/11/2020 2:04,City of Port Phillip,-37.834599,144.946391,Crockford Street,,,Outdoor dining (with swings) for the Cornerstone Hotel
100,Parklets,published,18/11/2020 3:41,18/11/2020 3:44,18/11/2020 3:38,Moonee Valley City,-37.766331,144.923069,17 Hall St,,,Mango Lounge
101,Parklets,published,18/11/2020 3:42,18/11/2020 3:44,18/11/2020 3:41,Moonee Valley City,-37.735629,144.918807,315 Napier St,,,Edward Abbot
102,Parklets,published,18/11/2020 3:42,,18/11/2020 3:42,Moonee Valley City Council,-37.770151,144.926229,650 Mt Alexander Rd,,,Escagrill
103,Parklets,published,18/11/2020 3:43,,18/11/2020 3:43,Moonee Valley City,-37.736504,144.91908,293 Napier St,,,Revitalise
104,Parklets,published,18/11/2020 3:44,,18/11/2020 3:44,Moonee Valley City,-37.755525,144.902124,285-287 Buckley St,,,North & Eight
105,Parklets,published,18/11/2020 3:45,,18/11/2020 3:45,Moonee Valley City,-37.755916,144.915563,35 Rose St,,,Bowls Baby
106,Parklets,published,18/11/2020 3:45,,18/11/2020 3:45,Moonee Valley City,-37.741754,144.903985,110 Keilor Rd,,,400 Gradi
107,Parklets,published,18/11/2020 3:46,26/11/2020 9:08,18/11/2020 3:46,Moonee Valley City,-37.76649,144.918724,15 Holmes Rd,,,Fizz and Hop
108,Parklets,published,18/11/2020 3:46,,18/11/2020 3:46,Moonee Valley City,-37.754961,144.896351,2E Fawkner St,,,Calmer Café
109,Parklets,published,18/11/2020 3:47,26/11/2020 9:08,18/11/2020 3:47,Moonee Valley City,-37.732384,144.867043,14 Centreway,,,The East Pantry
110,Parklets,published,18/11/2020 3:48,,18/11/2020 3:47,Moonee Valley City,-37.77324,144.916217,214 Union Rd,,,No. 19
111,Parklets,published,18/11/2020 3:48,,18/11/2020 3:48,Moonee Valley City,-37.766866,144.921192,99 Puckle St,,,Sir Duke & Sweet Latinas
112,Parklets,published,18/11/2020 3:49,,18/11/2020 3:48,Moonee Valley City,-37.745843,144.910591,1071 Mt Alexander Road,,,Matte Black Café & La Gallina Charcoal Chicken
113,Parklets,published,18/11/2020 3:49,,18/11/2020 3:49,Moonee Valley City,-37.766815,144.923892,24 Puckle St,,,Suburban Cellar
114,Parklets,published,18/11/2020 3:51,,18/11/2020 3:50,Moonee Valley City,-37.746557,144.910965,1/3-5 Leake Street,,,Max’s Corner
115,Parklets,published,18/11/2020 4:47,,18/11/2020 4:47,Moreland,-37.775828,144.970581,Weston Street,,,
116,Parklets,published,18/11/2020 6:05,,18/11/2020 6:04,Yarra,-37.819493,145.005136,Lord Street,,,
117,Parklets,published,18/11/2020 6:12,,18/11/2020 6:09,Boroondara,-37.82293,145.044975,Auburn Road,,,
118,Parklets,published,18/11/2020 6:13,,18/11/2020 6:12,Boroondara,-37.826959,145.057284,Burke Road,,,
119,Parklets,published,18/11/2020 7:19,,18/11/2020 7:16,Maribyrnong City Council,-37.785816,144.853486,Churchill Avenue,,,
120,Parklets,published,18/11/2020 7:20,,18/11/2020 7:20,Maribyrnong City Council,-37.78173,144.872364,Mitchell Street,,,
121,Parklets,published,18/11/2020 7:22,,18/11/2020 7:21,Maribyrnong City Council,-37.793864,144.875464,Argyle Street,,,
122,Parklets,published,18/11/2020 7:24,,18/11/2020 7:22,Maribyrnong City Council,-37.797489,144.877342,Barkly Street,,,
123,Parklets,published,18/11/2020 7:26,,18/11/2020 7:24,Maribyrnong City Council,-37.812547,144.869349,Roberts Street,,,
124,Parklets,published,18/11/2020 7:27,,18/11/2020 7:26,Maribyrnong City Council,-37.819758,144.874021,Wembley Avenue,,,
125,Parklets,published,18/11/2020 7:29,,18/11/2020 7:27,Maribyrnong City Council,-37.810207,144.889881,Gamon Street,,,
126,Parklets,published,18/11/2020 7:30,,18/11/2020 7:29,Maribyrnong City Council,-37.809445,144.889964,Gamon Street,,,
127,Parklets,published,18/11/2020 7:31,,18/11/2020 7:30,Maribyrnong City Council,-37.806545,144.891373,Charles Street,,,
128,Parklets,published,18/11/2020 7:31,,18/11/2020 7:31,Maribyrnong City Council,-37.805909,144.892011,Victoria Street,,,
129,Parklets,published,18/11/2020 7:32,,18/11/2020 7:32,Maribyrnong City Council,-37.804786,144.892038,Victoria Street,,,
130,Parklets,published,18/11/2020 7:33,,18/11/2020 7:32,Maribyrnong City Council,-37.804388,144.892065,Alexander Street,,,
131,Parklets,published,18/11/2020 10:20,,18/11/2020 10:18,Glen Eira,-37.912726,145.039802,Centre Rd,,,
132,Parklets,published,18/11/2020 20:30,,18/11/2020 20:29,Maroondah City Council,-37.812398,145.249822,"Railway Avenue, Ringwood East",,,"Barriers, fake grass, tables and chairs."
133,Parklets,published,19/11/2020 1:41,,19/11/2020 1:40,Boroondara,-37.815997,145.036674,Glenferrie Rd,https://74ddb495e3f187ded630-0b4c691ea14dad11384ab079da46af4f.ssl.cf2.rackcdn.com/melbourneparklets.api.ushahidi.io/5/f/5fb5cd2d03a46-inbound5408842388635786582.jpg,,
134,Parklets,published,19/11/2020 1:42,,19/11/2020 1:41,Boroondara,-37.816121,145.036199,Hawthorn Grove,https://74ddb495e3f187ded630-0b4c691ea14dad11384ab079da46af4f.ssl.cf2.rackcdn.com/melbourneparklets.api.ushahidi.io/5/f/5fb5cd7dedb0b-inbound5411420045187865721.jpg,,
135,Parklets,published,19/11/2020 1:43,,19/11/2020 1:42,Boroondara,-37.816331,145.03662,Glenferrie rd,https://74ddb495e3f187ded630-0b4c691ea14dad11384ab079da46af4f.ssl.cf2.rackcdn.com/melbourneparklets.api.ushahidi.io/5/f/5fb5cdc286bda-inbound5355130564450084137.jpg,,
136,Parklets,published,19/11/2020 4:26,,19/11/2020 4:26,City of Yarra,-37.806449,144.982139,Gertrude Street,,,Being constructed 19/11/2020
137,Parklets,published,19/11/2020 22:22,26/11/2020 9:09,19/11/2020 22:09,Yarra Ranges,-37.802355,145.316227,Collins Place,,,Dolcetti of Kilsyth
138,Parklets,published,19/11/2020 22:33,,19/11/2020 22:26,Yarra Ranges,-37.802355,145.316227,Collins Place,https://74ddb495e3f187ded630-0b4c691ea14dad11384ab079da46af4f.ssl.cf2.rackcdn.com/melbourneparklets.api.ushahidi.io/5/f/5fb6f2a471f25-dolcetti%20of%20kilsyth.jpg,,
139,Parklets,published,19/11/2020 22:39,,19/11/2020 22:34,Yarra Ranges,-37.757533,145.349878,Main Street,https://74ddb495e3f187ded630-0b4c691ea14dad11384ab079da46af4f.ssl.cf2.rackcdn.com/melbourneparklets.api.ushahidi.io/5/f/5fb6f4196820d-the%20iced%20bakery.jpg,,
140,Parklets,published,19/11/2020 22:44,,19/11/2020 22:41,Yarra Ranges,-37.757533,145.349878,Main Street,https://74ddb495e3f187ded630-0b4c691ea14dad11384ab079da46af4f.ssl.cf2.rackcdn.com/melbourneparklets.api.ushahidi.io/5/f/5fb6f54440167-la%20porchetta.jpg,,
141,Parklets,published,19/11/2020 22:47,,19/11/2020 22:45,Yarra Ranges,-37.757533,145.349878,Main Street,https://74ddb495e3f187ded630-0b4c691ea14dad11384ab079da46af4f.ssl.cf2.rackcdn.com/melbourneparklets.api.ushahidi.io/5/f/5fb6f612baa39-cold%20rock.jpg,,
142,Parklets,published,19/11/2020 22:52,,19/11/2020 22:49,Yarra Ranges,-37.757,145.351271,Clarke Street,https://74ddb495e3f187ded630-0b4c691ea14dad11384ab079da46af4f.ssl.cf2.rackcdn.com/melbourneparklets.api.ushahidi.io/5/f/5fb6f71300a5b-tiantian%20kitchen.jpg,,
143,Parklets,published,19/11/2020 22:56,,19/11/2020 22:54,Yarra Ranges,-37.757,145.351271,Clarke Street,https://74ddb495e3f187ded630-0b4c691ea14dad11384ab079da46af4f.ssl.cf2.rackcdn.com/melbourneparklets.api.ushahidi.io/5/f/5fb6f8026a662-oriental%20paradise.jpg,,
144,Parklets,published,19/11/2020 23:03,,19/11/2020 23:00,Yarra Ranges,-37.873563,145.405829,Main Road,https://74ddb495e3f187ded630-0b4c691ea14dad11384ab079da46af4f.ssl.cf2.rackcdn.com/melbourneparklets.api.ushahidi.io/5/f/5fb6f9a87c897-fairy%20mountain.jpg,,
145,Parklets,published,19/11/2020 23:09,,19/11/2020 23:04,Yarra Ranges,-37.808282,145.347067,Leith Road,,,La Lupa Romana Pizzeria
146,Parklets,published,19/11/2020 23:13,,19/11/2020 23:10,Yarra Ranges,-37.785152,145.311966,Brice Avenue,https://74ddb495e3f187ded630-0b4c691ea14dad11384ab079da46af4f.ssl.cf2.rackcdn.com/melbourneparklets.api.ushahidi.io/5/f/5fb6fc2872cb1-chooko.jpg,,
147,Parklets,published,19/11/2020 23:19,,19/11/2020 23:14,Yarra Ranges,-37.785665,145.378846,Wray Crescent,https://74ddb495e3f187ded630-0b4c691ea14dad11384ab079da46af4f.ssl.cf2.rackcdn.com/melbourneparklets.api.ushahidi.io/5/f/5fb6fd913b03e-bambu%20bali.jpg,,
148,Parklets,published,19/11/2020 23:22,,19/11/2020 23:20,Yarra Ranges,-37.738471,145.373946,Maroondah Highway,https://74ddb495e3f187ded630-0b4c691ea14dad11384ab079da46af4f.ssl.cf2.rackcdn.com/melbourneparklets.api.ushahidi.io/5/f/5fb6fe3b9fa88-coldstream%20brewery.jpg,,
149,Parklets,published,20/11/2020 4:51,,20/11/2020 4:50,Darebin City Council,-37.779461,145.017731,Railway Place,https://74ddb495e3f187ded630-0b4c691ea14dad11384ab079da46af4f.ssl.cf2.rackcdn.com/melbourneparklets.api.ushahidi.io/5/f/5fb74b51420fd-img_8134.jpg,,
150,Parklets,published,20/11/2020 23:44,,20/11/2020 23:42,Boroondara,-37.818941,145.03607,Glenferrie Rd,https://74ddb495e3f187ded630-0b4c691ea14dad11384ab079da46af4f.ssl.cf2.rackcdn.com/melbourneparklets.api.ushahidi.io/5/f/5fb854de83073-inbound286320831415041283.jpg,,
151,Parklets,published,21/11/2020 23:48,,21/11/2020 23:46,Unknown,-37.816815,145.013357,River St,,,Veneziano Coffee Richmond
152,Parklets,published,23/11/2020 0:55,,23/11/2020 0:51,Melbourne,-37.8106,144.971874,Little Bourke Street,https://74ddb495e3f187ded630-0b4c691ea14dad11384ab079da46af4f.ssl.cf2.rackcdn.com/melbourneparklets.api.ushahidi.io/5/f/5fbb0892e8457-lbs1.jpg,https://74ddb495e3f187ded630-0b4c691ea14dad11384ab079da46af4f.ssl.cf2.rackcdn.com/melbourneparklets.api.ushahidi.io/5/f/5fbb0892e4591-lbs2.jpg,
153,Parklets,published,24/11/2020 20:44,,24/11/2020 20:43,Bayside,-37.905911,145.004296,Bay Street,,,
154,Parklets,published,24/11/2020 20:45,,24/11/2020 20:45,Bayside,-37.905775,145.002022,Bay Street,,,
155,Parklets,published,25/11/2020 0:15,,25/11/2020 0:15,Darebin,-37.75322,145.001341,Benjamin Street,,,
156,Parklets,published,25/11/2020 0:16,,25/11/2020 0:14,Moreland,-37.776405,144.971091,Lygon st,,,
157,Parklets,published,25/11/2020 1:40,,25/11/2020 1:36,Melbourne City,-37.816611,144.957245,Church Street,https://74ddb495e3f187ded630-0b4c691ea14dad11384ab079da46af4f.ssl.cf2.rackcdn.com/melbourneparklets.api.ushahidi.io/5/f/5fbdb5f57042b-pxl_20201113_011134412.jpg,,
158,Parklets,published,25/11/2020 2:13,,25/11/2020 2:08,Wyndham City Council,-37.883311,144.736523,Murnong Street,https://74ddb495e3f187ded630-0b4c691ea14dad11384ab079da46af4f.ssl.cf2.rackcdn.com/melbourneparklets.api.ushahidi.io/5/f/5fbdbdb73c28f-56592081-85f1-4090-8cd0-867d2f3ee8a4.jpeg,,
159,Parklets,published,25/11/2020 10:10,,25/11/2020 10:03,Stonnington,-37.853433,144.992924,"Green Street, Prahran",https://74ddb495e3f187ded630-0b4c691ea14dad11384ab079da46af4f.ssl.cf2.rackcdn.com/melbourneparklets.api.ushahidi.io/5/f/5fbe2d9290b9f-5773204e-12d3-4c76-8f8b-1cb596d181a8.jpeg,,
160,Parklets,published,25/11/2020 12:28,,25/11/2020 12:24,City of Yarra,-37.79648,144.984735,Smith Street,,https://74ddb495e3f187ded630-0b4c691ea14dad11384ab079da46af4f.ssl.cf2.rackcdn.com/melbourneparklets.api.ushahidi.io/5/f/5fbe4dcdd58b9-img_9621%20copy.jpg,Outside Red Sparrow Pizza
161,Parklets,published,25/11/2020 12:37,,25/11/2020 12:32,City of Yarra,-37.797747,144.985828,Easey Street,,https://74ddb495e3f187ded630-0b4c691ea14dad11384ab079da46af4f.ssl.cf2.rackcdn.com/melbourneparklets.api.ushahidi.io/5/f/5fbe4ffc9a927-img_9606%20copy.jpg,
162,Parklets,published,25/11/2020 22:09,,25/11/2020 22:03,Monash (assumed),-37.924308,145.119784,Haughton Rd (westbound),https://74ddb495e3f187ded630-0b4c691ea14dad11384ab079da46af4f.ssl.cf2.rackcdn.com/melbourneparklets.api.ushahidi.io/5/f/5fbed6179f0d3-clayton%20outdoor%20dining.jpg,,
163,Parklets,published,26/11/2020 4:13,6/12/2020 9:48,26/11/2020 4:00,Hume City Council,-37.593169,144.914185,Main St,https://74ddb495e3f187ded630-0b4c691ea14dad11384ab079da46af4f.ssl.cf2.rackcdn.com/melbourneparklets.api.ushahidi.io/5/f/5fbf2b7943aec-img_1088a.jpg,,"Told it was implemented on Monday, four days prior to seeing it in person. Didn't stop to check it out directly, but it does appear very inaccessible and grey and depressing."
164,Parklets,published,26/11/2020 9:05,,26/11/2020 9:02,Port Phillip City Council,-37.842977,144.952436,Moubray Street,https://74ddb495e3f187ded630-0b4c691ea14dad11384ab079da46af4f.ssl.cf2.rackcdn.com/melbourneparklets.api.ushahidi.io/5/f/5fbf6fc4af839-1606271597106.jpg,,
165,Parklets,published,26/11/2020 9:05,,26/11/2020 9:04,Maribyrnong,-37.816399,144.890946,Ballarat street,,,
166,Parklets,published,26/11/2020 9:07,,26/11/2020 9:06,Bass Coast Shire Council,-38.634668,145.730104,The Esplanade,https://74ddb495e3f187ded630-0b4c691ea14dad11384ab079da46af4f.ssl.cf2.rackcdn.com/melbourneparklets.api.ushahidi.io/5/f/5fbf705c0d830-1606353386510.jpg,,
167,Parklets,published,26/11/2020 9:12,,26/11/2020 9:11,Maribyrnong City Council,-37.799153,144.89391,Barkly Street,,,"Bar Josephine, Pie Thief, Trouble in Dreams, 297 Barkly Street Footscray"
168,Parklets,published,26/11/2020 9:13,,26/11/2020 9:12,Maribyrnong City Coucil,-37.799133,144.895935,Barkly Place,,,"Sankranti, 250 Barkly Street Footscray"
169,Parklets,published,26/11/2020 9:13,,26/11/2020 9:13,Maribyrnong City Council,-37.79953,144.8967,Bacash Lane,,,"Hosue of Injera, 227 Barkly Street Footscray"
170,Parklets,published,26/11/2020 9:14,,26/11/2020 9:13,Maribyrnong City Council,-37.799556,144.899709,Barkly Street,,,"Small French Bar, 3/154 Barkly Street Footscray"
171,Parklets,published,26/11/2020 9:15,,26/11/2020 9:14,Maribyrnong City Council,-37.800709,144.899949,Paisley Street,,,"Issan Thai, 16 Paisley Street Footscray"
172,Parklets,published,26/11/2020 9:17,,26/11/2020 9:16,Maribyrnong City Council,-37.816462,144.889828,Anderson Street,,,"Goje, 38 Anderson Street Yarraville"
173,Parklets,published,26/11/2020 9:17,,26/11/2020 9:17,Maribyrnong City Council,-37.816673,144.890224,Anderson Street,,,"Tandoori Times, 45 Anderson Street, Yarraville"
174,Parklets,published,26/11/2020 9:18,,26/11/2020 9:17,Maribyrnong City Council,-37.817077,144.890804,Ballarat Street,,,"Village Cantina, 30 Ballarat Street, Yarraville"
175,Parklets,published,26/11/2020 9:19,,26/11/2020 9:18,Maribyrnong City Council,-37.81731,144.890766,Ballarat Street,,,"The Naked Egg, 32a Ballarat Street, Yarraville"
176,Parklets,published,26/11/2020 9:19,,26/11/2020 9:19,Maribyrnong City Council,-37.817598,144.890713,Ballarat Street,,,"Yim Yam Thai Laos Restaurant, 40a Ballarat Street, Yarraville"
177,Parklets,published,26/11/2020 9:20,,26/11/2020 9:19,Maribyrnong City Council,-37.816767,144.89126,Anderson Street,,,"Bar Romanee, 25 Anderson Street, Yarraville"
178,Parklets,published,26/11/2020 9:21,,26/11/2020 9:20,Maribyrnong City Council,-37.816788,144.891388,Anderson Street,,,"Occident, 21 Anderson Street, Yarraville"
179,Parklets,published,26/11/2020 9:21,,26/11/2020 9:21,Maribyrnong City Council,-37.816844,144.8917,Anderson Street,,,"Mabu Mabu, 13 Anderson Street, Yarraville"
180,Parklets,published,26/11/2020 9:22,,26/11/2020 9:21,Maribyrnong City Council,-37.816844,144.891845,Anderson Street,,,"Barkly Johnson Deli & Wine, 11 Anderson Street, Yarraville"
181,Parklets,published,26/11/2020 9:22,,26/11/2020 9:22,Maribyrnong City Council,-37.81689,144.892081,Anderson Street,,,"Willis and Anderson, 1 Anderson Street, Yarraville"
182,Parklets,published,27/11/2020 4:15,,27/11/2020 4:14,Melbourne,-37.814666,144.973194,Flinders Lane,,,
183,Parklets,published,27/11/2020 5:25,,27/11/2020 5:23,Port Phillip,-37.866465,144.977844,Acland St,,,
184,Parklets,published,28/11/2020 0:30,,28/11/2020 0:26,Marybyrnong,-37.799777,144.900333,Barkly Street,,,All along Barkly Street! So many eateries.
185,Parklets,published,28/11/2020 5:41,,28/11/2020 5:40,Boroondara Council,-37.802596,145.103045,Belmore Road,,,
186,Parklets,published,28/11/2020 8:13,5/12/2020 22:17,28/11/2020 8:10,Yarra,-37.804011,144.983241,171 smith st,https://74ddb495e3f187ded630-0b4c691ea14dad11384ab079da46af4f.ssl.cf2.rackcdn.com/melbourneparklets.api.ushahidi.io/5/f/5fc2069ee072a-41bb5b0e-c853-48db-8072-4c97e2a85a16.jpeg,https://74ddb495e3f187ded630-0b4c691ea14dad11384ab079da46af4f.ssl.cf2.rackcdn.com/melbourneparklets.api.ushahidi.io/5/f/5fc2069f898c3-4878ea62-cf7b-4278-9211-6a61448eddee.jpeg,
187,Parklets,published,30/11/2020 1:28,,30/11/2020 1:26,Bribank,-37.785215,144.833056,Clarke Street,https://74ddb495e3f187ded630-0b4c691ea14dad11384ab079da46af4f.ssl.cf2.rackcdn.com/melbourneparklets.api.ushahidi.io/5/f/5fc44ac4055a7-img_9678.jpg,https://74ddb495e3f187ded630-0b4c691ea14dad11384ab079da46af4f.ssl.cf2.rackcdn.com/melbourneparklets.api.ushahidi.io/5/f/5fc44ac412a65-img_9679.jpg,
188,Parklets,published,30/11/2020 1:30,,30/11/2020 1:30,Brimbank,-37.785381,144.831957,"Hampshire Road, Sunshine",https://74ddb495e3f187ded630-0b4c691ea14dad11384ab079da46af4f.ssl.cf2.rackcdn.com/melbourneparklets.api.ushahidi.io/5/f/5fc44b4533130-img_9705.jpg,,
189,Parklets,published,30/11/2020 3:46,,30/11/2020 3:44,Yarra City Council,-37.804698,144.988586,Gipps St,,,
190,Parklets,published,30/11/2020 3:47,,30/11/2020 3:46,Yarra City Council,-37.804961,144.983408,Peel Street,,,Grace Darling Hotel
191,Parklets,published,2/12/2020 10:34,,2/12/2020 10:33,Moreland City Council,-37.76647,144.94884,Hunter Street,,,
192,Parklets,published,2/12/2020 10:37,,2/12/2020 10:36,Moreland City Council,-37.76781,144.96092,Albert Street,,,
193,Parklets,published,4/12/2020 23:19,,4/12/2020 23:18,Boroondara City Council,-37.819801,145.036145,Park Street,,,Park Street popup market (weekly)
194,Parklets,published,5/12/2020 21:52,,5/12/2020 21:48,City of Melbourne,-37.802837,144.948689,562 Queensberry st,,,
195,Parklets,published,5/12/2020 21:57,,5/12/2020 21:56,City of Melbourne,-37.802201,144.949933,"Errol st, North Melbourne",,,
196,Parklets,published,5/12/2020 21:58,,5/12/2020 21:58,City of Melbourne,-37.801578,144.950035,Errol st,,,
197,Parklets,published,7/12/2020 5:05,,7/12/2020 5:04,Bass Coast Shire,-38.520932,145.370134,"Marine Parade, San Remo",https://74ddb495e3f187ded630-0b4c691ea14dad11384ab079da46af4f.ssl.cf2.rackcdn.com/melbourneparklets.api.ushahidi.io/5/f/5fcdb8327853a-img_0570.jpg,,
198,Parklets,published,10/12/2020 5:15,,10/12/2020 5:13,Boroondara,-37.830417,145.055698,Camberwell Road,,,
199,Parklets,published,12/12/2020 13:01,,12/12/2020 13:01,Brimbank,-37.787755,144.831436,"City Place, Sunshine",https://74ddb495e3f187ded630-0b4c691ea14dad11384ab079da46af4f.ssl.cf2.rackcdn.com/melbourneparklets.api.ushahidi.io/5/f/5fd4bf38024cc-img_2039.jpg,,
200,Parklets,published,13/12/2020 22:22,,13/12/2020 22:21,Hobsons Bay City Council,-37.862918,144.771445,Lohse Street,,,Buddy's Pizza
201,Parklets,published,13/12/2020 22:23,,13/12/2020 22:23,Hobsons Bay City Council,-37.862615,144.771598,Woods Street,,,Seven Star Chinese Hot Pot
202,Parklets,published,13/12/2020 22:24,,13/12/2020 22:24,Hobsons Bay City Council,-37.867216,144.761126,Triholm Avenue,,,Mumchan
203,Parklets,published,13/12/2020 22:25,,13/12/2020 22:24,Hobsons Bay City Council,-37.867333,144.761835,Aviation Road,,,Charcoal Shish Kebabs
204,Parklets,published,13/12/2020 22:25,,13/12/2020 22:25,Hobsons Bay City Council,-37.867933,144.761223,Aviation Road,,,Cheeky Chewies Cafe
205,Parklets,published,13/12/2020 22:26,,13/12/2020 22:26,Hobsons Bay City Council,-37.868092,144.760487,Neville Avenue,,,Spice Junction
206,Parklets,published,13/12/2020 22:27,,13/12/2020 22:26,Hobsons Bay City Council,-37.872389,144.77589,Central Avenue,,,La Porchetta
207,Parklets,published,13/12/2020 22:28,13/12/2020 22:29,13/12/2020 22:27,Hobsons Bay City Council,-37.870314,144.811177,Somers Parade,,,Dragon Temple Restaurant
208,Parklets,published,13/12/2020 22:29,,13/12/2020 22:28,Hobsons Bay City Council,-37.870055,144.811684,Somers Parade,,,Best in the West Pizza
209,Parklets,published,13/12/2020 22:30,,13/12/2020 22:30,Hobsons Bay City Council,-37.864457,144.812964,Harrington Square,,,Eastern Dawn Takeaway and Coffee
210,Parklets,published,13/12/2020 22:31,,13/12/2020 22:30,Hobsons Bay City Council,-37.864398,144.813221,Harrington Square,,,The 6th Child Cafe
211,Parklets,published,13/12/2020 22:32,,13/12/2020 22:31,Hobsons Bay City Council,-37.864333,144.813256,Harrington Square,,,Siam Secret Thai Restaurant
212,Parklets,published,13/12/2020 22:32,,13/12/2020 22:32,Hobsons Bay City Council,-37.864356,144.813264,Harrington Square,,,Oye Bombay
213,Parklets,published,13/12/2020 22:33,,13/12/2020 22:32,Hobsons Bay City Council,-37.864249,144.813358,Harrington Square,,,Borg's Cakes
214,Parklets,published,13/12/2020 22:34,,13/12/2020 22:33,Hobsons Bay City Council,-37.864195,144.813747,Harrington Square,,,The Wee Kitchen
215,Parklets,published,13/12/2020 22:34,,13/12/2020 22:34,Hobsons Bay City Council,-37.864313,144.813795,Harrington Square,,,Harrington Square Fish & Chips
216,Parklets,published,13/12/2020 22:35,,13/12/2020 22:34,Hobsons Bay City Council,-37.864377,144.813833,Harrington Square,,,Birdcage Altona Café
217,Parklets,published,13/12/2020 22:36,,13/12/2020 22:35,Hobsons Bay City Council,-37.864685,144.815654,Harrington Street,,,The Orange Hat Cafe
218,Parklets,published,13/12/2020 22:37,,13/12/2020 22:37,Hobsons Bay City Council,-37.865842,144.830961,Pier Street,,,Hangar1one2
219,Parklets,published,13/12/2020 22:38,,13/12/2020 22:37,Hobsons Bay City Council,-37.867417,144.829376,Railway Street,,,"Cafe on Railway Street, Bright Vista Counselling Services"
220,Parklets,published,13/12/2020 22:39,,13/12/2020 22:38,Hobsons Bay City Council,-37.867963,144.830583,Pier Street,,,Hopheads Altona
221,Parklets,published,13/12/2020 22:40,,13/12/2020 22:39,Hobsons Bay City Council,-37.869437,144.830658,Pier Street,,,Rockabye candy
222,Parklets,published,13/12/2020 22:41,,13/12/2020 22:40,Hobsons Bay City Council,-37.869636,144.830374,Pier Street,,,Between 2 Buns
223,Parklets,published,13/12/2020 22:41,,13/12/2020 22:41,Hobsons Bay City Council,-37.869784,144.830288,Pier Street,,,Numero uno pizza pasta
224,Parklets,published,13/12/2020 22:42,,13/12/2020 22:41,Hobsons Bay City Council,-37.869877,144.830294,Pier Street,,,Altona Pines Fish and Chips
225,Parklets,published,13/12/2020 22:43,,13/12/2020 22:43,Hobsons Bay City Council,-37.865168,144.838104,Civic Parade,,,The Pizza Box Altona
226,Parklets,published,13/12/2020 22:44,,13/12/2020 22:43,Hobsons Bay City Council,-37.86524,144.838281,Civic Parade,,,The Greek Grill
227,Parklets,published,13/12/2020 22:44,,13/12/2020 22:44,Hobsons Bay City Council,-37.865248,144.838442,Civic Parade,,,Fish and Chips On Civic
228,Parklets,published,13/12/2020 22:46,,13/12/2020 22:45,Hobsons Bay City Council,-37.846485,144.868949,Maddox Road,,,Elephant Cafe
229,Parklets,published,13/12/2020 22:46,,13/12/2020 22:46,Hobsons Bay City Council,-37.846256,144.872603,Chalis Street,,,Wilde Interiors
230,Parklets,published,13/12/2020 22:47,,13/12/2020 22:46,Hobsons Bay City Council,-37.845807,144.872651,Chalis Street,,,Searz Caffi
231,Parklets,published,13/12/2020 22:48,,13/12/2020 22:47,Hobsons Bay City Council,-37.845528,144.87271,Chalis Street,,,Challis St Fine Foods and Deli
232,Parklets,published,13/12/2020 22:48,,13/12/2020 22:48,Hobsons Bay City Council,-37.84041,144.86527,Mason Street,,,Western Star Pizza and Pasta Cafe
233,Parklets,published,13/12/2020 22:49,,13/12/2020 22:49,Hobsons Bay City Council,-37.840588,144.866868,Mason Street,,,Pizza Train
234,Parklets,published,13/12/2020 22:51,,13/12/2020 22:50,Hobsons Bay City Council,-37.84063,144.867023,Mason Street,,,Sammy's Bakehouse Café
235,Parklets,published,13/12/2020 22:52,,13/12/2020 22:51,Hobsons Bay City Council,-37.837106,144.862861,The Circle,,,The House Of Beans Cafe
236,Parklets,published,13/12/2020 22:53,,13/12/2020 22:53,Hobsons Bay City Council,-37.832002,144.861224,Blackshaws Road,,,Taco Bill Mexican Restaurant Altona North
237,Parklets,published,13/12/2020 22:54,,13/12/2020 22:53,Hobsons Bay City Council,-37.831806,144.855018,Blackshaws Road,,,Our Daily Bread
238,Parklets,published,13/12/2020 22:55,,13/12/2020 22:54,Hobsons Bay City Council,-37.82628,144.848795,Millers Road,,,Sweet Rice
239,Parklets,published,13/12/2020 22:56,,13/12/2020 22:55,Hobsons Bay City Council,-37.820094,144.848709,Eames Avenue,,,"The Kicsi Folk, Chapter One cafe"
240,Parklets,published,13/12/2020 22:56,,13/12/2020 22:56,Hobsons Bay City Council,-37.819924,144.849187,Millers Road,,,Cafe on Millers
241,Parklets,published,13/12/2020 22:57,,13/12/2020 22:57,Hobsons Bay City Council,-37.819789,144.84923,Millers Road,,,Parotta Station
242,Parklets,published,13/12/2020 22:58,,13/12/2020 22:57,Hobsons Bay City Council,-37.817136,144.849343,Geelong Road,,,Nick's Pizza
243,Parklets,published,13/12/2020 22:58,,13/12/2020 22:58,Hobsons Bay City Council,-37.816115,144.853184,Geelong Road,,,Stima Cafe
244,Parklets,published,13/12/2020 23:00,,13/12/2020 22:59,Hobsons Bay City Council,-37.828912,144.872147,Vernon Street,,,Tandoori Flames
245,Parklets,published,13/12/2020 23:01,,13/12/2020 23:01,Hobsons Bay City Council,-37.829085,144.872104,Vernon Street,,,Vernon's Fish and Chippery
246,Parklets,published,13/12/2020 23:02,,13/12/2020 23:01,Hobsons Bay City Council,-37.829479,144.871981,Vernon Street,,,Dukkah Restaurant
247,Parklets,published,13/12/2020 23:02,,13/12/2020 23:02,Hobsons Bay City Council,-37.829594,144.871943,Vernon Street,,,Blacksheep Cafe
248,Parklets,published,13/12/2020 23:03,,13/12/2020 23:02,Hobsons Bay City Council,-37.829929,144.871895,Vernon Street,,,Motorino Pizza
249,Parklets,published,13/12/2020 23:04,,13/12/2020 23:03,Hobsons Bay City Council,-37.830636,144.871803,Vernon Street,,,Burn City Smokers
250,Parklets,published,13/12/2020 23:04,,13/12/2020 23:04,Hobsons Bay City Council,-37.834119,144.874014,Blackshaws Road,,,Little Gecko Coffee Roasters
251,Parklets,published,13/12/2020 23:06,,13/12/2020 23:05,Hobsons Bay City Council,-37.841889,144.879241,Mason Street,,,Kasim's Indian Cafe
252,Parklets,published,13/12/2020 23:06,,13/12/2020 23:06,Hobsons Bay City Council,-37.84199,144.879652,Mason Street,,,Newport 1881
253,Parklets,published,13/12/2020 23:07,,13/12/2020 23:06,Hobsons Bay City Council,-37.842409,144.88109,Mason Street,,,Routley's Newport
254,Parklets,published,13/12/2020 23:07,,13/12/2020 23:07,Hobsons Bay City Council,-37.842469,144.881353,Mason Street,,,Newport Seacatch
255,Parklets,published,13/12/2020 23:08,,13/12/2020 23:07,Hobsons Bay City Council,-37.842579,144.88154,Mason Street,,,The Backyard est 2016
256,Parklets,published,13/12/2020 23:09,,13/12/2020 23:09,Hobsons Bay City Council,-37.842977,144.882532,Mason Street,,,Leroys Café
257,Parklets,published,13/12/2020 23:10,,13/12/2020 23:09,Hobsons Bay City Council,-37.843201,144.884044,Hall Street,,,Junction Beer Hall and Wine Room
258,Parklets,published,13/12/2020 23:10,,13/12/2020 23:10,Hobsons Bay City Council,-37.843083,144.883953,Hall Street,,,Heart of Hall
259,Parklets,published,13/12/2020 23:11,,13/12/2020 23:11,Hobsons Bay City Council,-37.842689,144.884013,Hall Street,,,Pango Coffee
260,Parklets,published,13/12/2020 23:12,,13/12/2020 23:11,Hobsons Bay City Council,-37.841779,144.883149,Melbourne Road,,,Cedar Grill
261,Parklets,published,13/12/2020 23:12,,13/12/2020 23:12,Hobsons Bay City Council,-37.841533,144.882833,Melbourne Road,,,Mamma Teresa
262,Parklets,published,13/12/2020 23:13,,13/12/2020 23:13,Hobsons Bay City Council,-37.841003,144.882752,Melbourne Road,,,Robbie Lynnz Coffee & Kitchen
263,Parklets,published,13/12/2020 23:13,,13/12/2020 23:13,Hobsons Bay City Council,-37.837106,144.882253,Melbourne Road,,,Fiesta Factory
264,Parklets,published,13/12/2020 23:14,,13/12/2020 23:14,Hobsons Bay City Council,-37.834699,144.885376,Hall Street,,,Two Birds Brewing
265,Parklets,published,13/12/2020 23:15,,13/12/2020 23:14,Hobsons Bay City Council,-37.829984,144.886915,Hudsons Road,,,Spotswood Hotel
266,Parklets,published,13/12/2020 23:16,,13/12/2020 23:15,Hobsons Bay City Council,-37.829602,144.885472,Hudsons Road,,,Chase Kitchen
267,Parklets,published,13/12/2020 23:16,,13/12/2020 23:16,Hobsons Bay City Council,-37.829873,144.885187,Hudsons Road,,,85 Espresso
268,Parklets,published,13/12/2020 23:17,,13/12/2020 23:16,Hobsons Bay City Council,-37.829763,144.885043,Hudsons Road,,,Duchess of Spotswood
269,Parklets,published,13/12/2020 23:17,,13/12/2020 23:17,Hobsons Bay City Council,-37.829569,144.88475,Hudsons Road,,,Hudsons Road Wine & Beer
270,Parklets,published,13/12/2020 23:18,,13/12/2020 23:17,Hobsons Bay City Council,-37.829712,144.884415,Hudsons Road,,,Doyle And Sons
271,Parklets,published,13/12/2020 23:19,,13/12/2020 23:19,Hobsons Bay City Council,-37.829438,144.881698,Hudsons Road,,,Oscar’s Teta
272,Parklets,published,13/12/2020 23:20,,13/12/2020 23:20,Hobsons Bay City Council,-37.852072,144.889871,Melbourne Road,,,Jackie's Pizza
273,Parklets,published,13/12/2020 23:21,,13/12/2020 23:21,Hobsons Bay City Council,-37.845807,144.885611,Melbourne Road,,,Basil and Co
274,Parklets,published,13/12/2020 23:22,,13/12/2020 23:21,Hobsons Bay City Council,-37.845909,144.885649,Melbourne Road,,,Ocean Breeze Fish and Chips
275,Parklets,published,13/12/2020 23:22,,13/12/2020 23:22,Hobsons Bay City Council,-37.846875,144.886357,Melbourne Road,,,Odd Spot Cafe
276,Parklets,published,13/12/2020 23:23,,13/12/2020 23:22,Hobsons Bay City Council,-37.853398,144.896126,Douglas Parade,,,The Prince Albert Hotel
277,Parklets,published,13/12/2020 23:24,,13/12/2020 23:23,Hobsons Bay City Council,-37.856833,144.897986,Stevedore Street,,,3 Grains Roman Artisan Pizza
278,Parklets,published,13/12/2020 23:24,,13/12/2020 23:24,Hobsons Bay City Council,-37.857023,144.898003,Stevedore Street,,,Crimson Bear
279,Parklets,published,13/12/2020 23:25,,13/12/2020 23:25,Hobsons Bay City Council,-37.858557,144.8981,Douglas Parade,,,Piccolo Grande P/L
280,Parklets,published,13/12/2020 23:26,,13/12/2020 23:25,Hobsons Bay City Council,-37.858883,144.898609,Ferguson Street,,,Provisions
281,Parklets,published,13/12/2020 23:27,,13/12/2020 23:26,Hobsons Bay City Council,-37.858629,144.896876,Ferguson Street,,,Embrace Life Love And Happiness
282,Parklets,published,13/12/2020 23:27,,13/12/2020 23:27,Hobsons Bay City Council,-37.859078,144.90013,Ferguson Street,,,The Greenery Store & Larder
283,Parklets,published,13/12/2020 23:28,,13/12/2020 23:28,Hobsons Bay City Council,-37.859056,144.900347,Ferguson Street,,,Saigon Green
284,Parklets,published,13/12/2020 23:28,,13/12/2020 23:28,Hobsons Bay City Council,-37.859082,144.900679,Ferguson Street,,,Cocoa Latte Cafe
285,Parklets,published,13/12/2020 23:29,,13/12/2020 23:29,Hobsons Bay City Council,-37.859154,144.901844,The Strand,,,The Strand Seafood Restaurant & Top of the Bay
286,Parklets,published,13/12/2020 23:31,,13/12/2020 23:30,Hobsons Bay City Council,-37.862528,144.90272,Nelson Place,,,
287,Parklets,published,13/12/2020 23:31,,13/12/2020 23:31,Hobsons Bay City Council,-37.862944,144.903614,Nelson Place,,,Multiple businesses
288,Parklets,published,13/12/2020 23:32,,13/12/2020 23:32,Hobsons Bay City Council,-37.862901,144.905092,Syme Street,,,Multiple businesses
289,Parklets,published,13/12/2020 23:33,,13/12/2020 23:32,Hobsons Bay City Council,-37.863381,144.904988,Nelson Place,,,Multiple businesses
290,Parklets,published,13/12/2020 23:33,,13/12/2020 23:33,Hobsons Bay City Council,-37.863656,144.905642,Nelson Place,,,Hug A Mug
291,Parklets,published,13/12/2020 23:35,,13/12/2020 23:33,Hobsons Bay City Council,-37.864477,144.908323,Nelson Place,,,Porters Williamstown
292,Parklets,published,13/12/2020 23:36,,13/12/2020 23:35,Hobsons Bay City Council,-37.865206,144.909923,Nelson Place,,,Titanic Theatre Restaurant
293,Parklets,published,13/12/2020 23:37,,13/12/2020 23:36,Hobsons Bay City Council,-37.866201,144.906661,Cecil Street,,,Stags Head Hotel
294,Parklets,published,13/12/2020 23:37,,13/12/2020 23:37,Hobsons Bay City Council,-37.858209,144.890112,Ferguson Street,,,Platform 177
295,Parklets,published,17/12/2020 6:16,,17/12/2020 6:13,Yarra,-37.803804,144.977474,Brunswick Street,https://74ddb495e3f187ded630-0b4c691ea14dad11384ab079da46af4f.ssl.cf2.rackcdn.com/melbourneparklets.api.ushahidi.io/5/f/5fdaf7b1ab5ef-54076e16-c341-441d-b722-6c2cbfb42ff4.jpeg,,127 Brunswick St
296,Parklets,published,18/12/2020 8:13,,18/12/2020 8:12,Manningham,-37.752657,145.152161,Newmans Road,,,
297,Parklets,published,19/12/2020 22:03,,19/12/2020 22:00,City of Melbourne,-37.802638,144.946811,Queensberry st,https://74ddb495e3f187ded630-0b4c691ea14dad11384ab079da46af4f.ssl.cf2.rackcdn.com/melbourneparklets.api.ushahidi.io/5/f/5fde788f523bf-834f6628-5b06-4331-a97b-0bb040ae8dda.jpeg,,
298,Parklets,published,21/12/2020 8:36,,21/12/2020 8:35,Moreland,-37.722074,144.929173,Devon Road,,,
299,Parklets,published,21/12/2020 9:17,,21/12/2020 9:16,Mornington Peninsula,-38.357456,144.899321,Point Nepean Road,,,https://shape.mornpen.vic.gov.au/outdoor-dining
300,Parklets,published,21/12/2020 9:18,,21/12/2020 9:17,Mornington Peninsula,-38.355703,144.904944,Point Nepean Road,,,https://shape.mornpen.vic.gov.au/outdoor-dining
301,Parklets,published,22/12/2020 21:39,,22/12/2020 21:38,Melbourne,-37.804237,144.953669,Howard St,,,
302,Parklets,published,23/12/2020 5:59,,23/12/2020 5:57,Yarra,-37.799649,144.989117,Dight Street,https://74ddb495e3f187ded630-0b4c691ea14dad11384ab079da46af4f.ssl.cf2.rackcdn.com/melbourneparklets.api.ushahidi.io/5/f/5fe2dcaadc99e-d19eb8d0-2201-4940-a513-779410037576.jpeg,,Bendigo Hotel
303,Parklets,published,27/12/2020 4:12,,27/12/2020 4:01,Manningham,-37.752709,145.152452,Newmans Street,https://74ddb495e3f187ded630-0b4c691ea14dad11384ab079da46af4f.ssl.cf2.rackcdn.com/melbourneparklets.api.ushahidi.io/5/f/5fe8098f6d9d6-pxl_20201227_0146410153.jpg,https://74ddb495e3f187ded630-0b4c691ea14dad11384ab079da46af4f.ssl.cf2.rackcdn.com/melbourneparklets.api.ushahidi.io/5/f/5fe8098e8b3ad-pxl_20201227_0146476442_compress77.jpg,
304,Parklets,published,29/12/2020 5:09,,29/12/2020 5:05,Casey,-38.025904,145.30409,Webb Street,,,
305,Parklets,published,31/12/2020 3:19,,31/12/2020 3:16,Moreland,-37.722019,144.928637,Devon Road,https://74ddb495e3f187ded630-0b4c691ea14dad11384ab079da46af4f.ssl.cf2.rackcdn.com/melbourneparklets.api.ushahidi.io/5/f/5fed432337a2a-ab06fe2b-89cf-4b81-91e6-b8c84be25ffc.jpeg,,
306,Parklets,published,1/01/2021 6:11,,1/01/2021 6:09,Yarra,-37.816226,144.995177,Cameron Street,https://74ddb495e3f187ded630-0b4c691ea14dad11384ab079da46af4f.ssl.cf2.rackcdn.com/melbourneparklets.api.ushahidi.io/5/f/5feebcee343d6-dca2e076-7127-43a6-8ac7-2d56965e2dd6.jpeg,https://74ddb495e3f187ded630-0b4c691ea14dad11384ab079da46af4f.ssl.cf2.rackcdn.com/melbourneparklets.api.ushahidi.io/5/f/5feebcee6e2a4-10133e57-37cf-4892-be42-d0261043cc40.jpeg,Street closed at Lennox St
307,Parklets,published,2/01/2021 23:53,,2/01/2021 23:50,Colac Otway Shire,-38.756894,143.669588,Great Ocean Road,https://74ddb495e3f187ded630-0b4c691ea14dad11384ab079da46af4f.ssl.cf2.rackcdn.com/melbourneparklets.api.ushahidi.io/5/f/5ff10774adcbf-678e2b72-57eb-4a47-885d-9623a260b5a5.jpeg,,
308,Parklets,published,2/01/2021 23:58,,2/01/2021 23:53,Colac Otway Shire,-38.518707,143.714508,"Birregurra-Forrest Road, Forrest",https://74ddb495e3f187ded630-0b4c691ea14dad11384ab079da46af4f.ssl.cf2.rackcdn.com/melbourneparklets.api.ushahidi.io/5/f/5ff10885414a1-be74f13c-d4d9-47f9-a6f8-dfbb2ffda457.jpeg,,
309,Parklets,published,3/01/2021 0:02,,2/01/2021 23:59,City of Greater Bendigo,-36.758725,144.277268,"View St, Bendigo",https://74ddb495e3f187ded630-0b4c691ea14dad11384ab079da46af4f.ssl.cf2.rackcdn.com/melbourneparklets.api.ushahidi.io/5/f/5ff109987d524-ffa43ddc-f541-4a28-bf2f-be4bb5231f44.jpeg,,
310,Parklets,published,3/01/2021 0:08,,3/01/2021 0:05,City of Greater Bendigo,-36.758089,144.276523,"View St, Bendigo",https://74ddb495e3f187ded630-0b4c691ea14dad11384ab079da46af4f.ssl.cf2.rackcdn.com/melbourneparklets.api.ushahidi.io/5/f/5ff10afb1dccb-5767fb84-7fc9-4b5b-b911-251fcf2ed761.jpeg,,
311,Parklets,published,5/01/2021 9:12,,5/01/2021 9:10,Stonnington,-37.842642,144.994537,"Fitzgerald Street, South Yarra",https://74ddb495e3f187ded630-0b4c691ea14dad11384ab079da46af4f.ssl.cf2.rackcdn.com/melbourneparklets.api.ushahidi.io/5/f/5ff42d9232260-173d3f98-1602-4e2f-8fc0-5b920700b91e.jpeg,https://74ddb495e3f187ded630-0b4c691ea14dad11384ab079da46af4f.ssl.cf2.rackcdn.com/melbourneparklets.api.ushahidi.io/5/f/5ff42d922279d-72f854a5-bd35-485e-be48-e47cebe07e53.jpeg,
312,Parklets,draft,22/01/2021 5:58,,22/01/2021 5:56,Glen eira,-37.88659155,145.0247414,772 Glen Huntly Rd,,,@772 wine bar
313,Parklets,draft,18/02/2021 23:12,,18/02/2021 23:11,Yarra,-37.78215002,144.9733753,Pigdon,,,
314,Parklets,draft,18/02/2021 23:13,,18/02/2021 23:12,Yarra,-37.78836441,144.9721715,Rathdowne,,,
315,Parklets,draft,18/02/2021 23:14,,18/02/2021 23:13,Unknown,-37.79638237,144.9847676,Smith,,,
